"prob_car","prob_elec","prob_green"
0.943630015714864,0.9707338372727,0.910599075378067
0.839220599571254,0.254390226386533,0.936124055221504
0.821934589990111,0.802348498327353,0.798555397189192
0.999999826549934,0.943698617503311,0.560324032277667
0.983250259073418,0.90340735309522,0.503733976886774
0.936930431324784,0.947979931974236,0.929464466792311
0.984402291719038,0.299115464575238,0.695245125253753
0.867053859630504,0.60508680609088,0.468059548039571
0.892390964795347,0.832628051861133,0.692572264500451
0.731478930209356,0.685583827666339,0.455220247188755
0.972706287848392,0.958602913938519,0.545080327108897
0.690730565135746,0.921768463110175,0.821683459197075
0.967285732355073,0.473309134826581,0.335639859186365
0.939059533942436,0.953554957176656,0.8137351497344
0.740557188722352,0.756044663600162,0.964837292571455
0.938701073561951,0.266630030756464,0.850344740014008
0.988560589967214,0.987860140060697,0.35025756219284
0.969803242563125,0.225577975539508,0.143479284303913
0.933318182900847,0.26810783120887,0.233211547086161
0.938685970019777,0.861484799347086,0.71240964787132
0.987524064092272,0.924402892660062,0.761025381801555
0.944471710243064,0.966169868947804,0.905235569216694
0.93566996896561,0.669219624135311,0.740858574902153
0.841115806944283,0.239792861185359,0.88954508379557
0.864834132675694,0.0122810257114295,0.397448702808699
0.989608466657201,0.946145396670841,0.889033929600251
0.970524238606119,0.985673607478985,0.874407922008469
0.901088673165788,0.766830398913831,0.8886790062962
0.984238127692362,0.493156048794896,0.481189189343799
0.931825371581795,0.908607456707859,0.859787586770141
0.996291875945082,0.877613148680579,0.389477865201082
0.717321246902003,0.773470707671167,0.829074646487319
0.876159232835133,0.146933696404206,0.548692163102714
0.743084933600775,0.955175617350172,0.857112725517935
0.975404252201306,0.810889391166942,0.283070131571261
0.945517816987403,0.194230380519073,0.579545569598474
0.992858809845383,0.986531150744961,0.675996413559633
0.999998950910911,0.999999832930589,0.486670272567834
0.923537420280899,0.851641329226907,0.615114415729163
0.965173212274307,0.124947527884285,0.642486082916098
0.920680894032128,0.658229396743922,0.365730768388901
0.819922165352572,0.996580800408035,0.958360535875533
0.845366965140371,0.348118164420011,0.539300731003494
1,0.999999987871507,0.983400168452939
0.874951921234106,0.230081476008433,0.403079465069376
0.961812975947463,0.508553649935993,0.632535434799674
0.996933306586114,0.97336316982107,0.731981187002746
0.927947430768181,0.332362553438346,0.332240139035809
0.964138374509973,0.958740730163606,0.81844385578601
0.995938717271573,0.150177937319368,0.314620751468388
0.881702794505537,0.858169396792519,0.749484482065792
0.778420480926482,0.911970649665714,0.322600960002593
0.991402636660926,0.183332812461349,0.238117288041096
0.966135452112286,0.414672437526571,0.292741496307061
0.988011639722213,0.606988697391008,0.890005205644149
0.988257012404583,0.951187285402993,0.832919344341933
0.999999978749135,0.999999648881446,0.900035395988862
0.9307763502097,0.956970276905972,0.897597879057517
0.932601893860954,0.884559973424002,0.37228864369204
0.772023354859005,0.430284211406897,0.567698003695724
0.922144377600026,0.966877994792736,0.956294790985957
0.98113963441238,0.342768268221857,0.441160992132935
0.955316143324239,0.551918102539508,0.241813228850564
0.978359198374191,0.639019728257014,0.459525425603476
0.921017411755406,0.936674456604347,0.749318073299155
0.759774321343249,0.0499839300226193,0.589294167483319
0.654246528561124,0.9786010860272,0.791187230676984
0.970562266886202,0.951830804270889,0.808773613257394
0.998317374847757,0.858563333443347,0.342968957097263
0.783460390248952,0.463331457640115,0.771995073495739
0.759626975565002,0.494270803780887,0.717985028393188
0.986275774942913,0.14500564378853,0.496571323162586
0.660124120544327,0.984561283413861,0.980582839772028
0.986114012931074,0.732336366406579,0.605923858036272
0.96762043873501,0.139741281980966,0.410060709153174
0.958494686698902,0.994759317984257,0.904843721919359
0.905377987345716,0.173885701053278,0.552144914720424
0.838934608008029,0.932800874707075,0.616477736741642
0.893721930956572,0.599815277726095,0.373312505556222
0.943391712091758,0.922841358614304,0.918304162828971
0.987345155011707,0.925718232795086,0.822799696978302
0.995422154512246,0.969262419351382,0.79698533745341
0.981056721510198,0.994590712970609,0.928524338447156
0.85697553763536,0.820564985355237,0.686877729587104
0.987194348750117,0.954141553162352,0.860469364303185
0.9263580958431,0.828569663350577,0.554809946646508
0.90744184463656,0.570038008581829,0.245520741417113
0.998259218616153,0.0411955782747244,0.145931848849025
0.961149588561834,0.78924091565215,0.7231462852343
0.959635073840086,0.702933112790952,0.224962971597693
0.863254699888922,0.9927677436448,0.959570963655674
0.918730005724283,0.842653410007783,0.806724530881106
0.958171285611152,0.864116638100467,0.722573886449936
0.962031462700083,0.13545116503621,0.416843549357229
0.898473107073164,0.895724089658084,0.711561746267582
0.991165509325712,0.574557542803344,0.523770857675355
0.99081470939362,0.955283291288223,0.745000649727876
0.973961776323565,0.843038557999217,0.185480052718926
0.967403132769807,0.833951618117917,0.889435577944096
0.963337405336322,0.694890616610947,0.297151004703612
0.857449925532553,0.310889624263102,0.593301495573672
0.793948657010482,0.676178033026273,0.830983052567388
0.957367723760449,0.360596961195014,0.17194430973277
0.933130118633178,0.359022017995065,0.789889133533418
0.95086574175575,0.550803719976826,0.915445246958219
0.987084307247599,0.169602487468082,0.510715834056514
0.864485673513136,0.523341901736718,0.437142223897517
0.954075550322566,0.154972562307209,0.736843315038429
0.948428539470555,0.962607261449107,0.886232462356434
0.944004090151609,0.866968200959933,0.483499287526885
0.887582681712058,0.690332693246913,0.794623376056129
0.435670626411627,0.535395819148658,0.730723375785965
0.959748611083977,0.89411702673636,0.753670236141827
0.954784498588032,0.913791410069543,0.921910632160657
0.909446969548724,0.232900423329651,0.661894188386558
0.95099460240137,0.926285987602701,0.910429254580649
0.911706244339057,0.647448340133112,0.611994647595836
0.986083600886177,0.405552953056165,0.667238237228939
0.990639178655114,0.1039097276871,0.28908230352145
0.955653891589268,0.90497117712552,0.743867769342131
0.972652017974053,0.964681509859513,0.664147970733263
0.968983187487372,0.623672681155639,0.43668546197062
0.975944142108057,0.979190076103731,0.760873188756105
0.491865872150048,0.209799113890289,0.624985708234628
0.979633659508235,0.825843961343819,0.796777593045904
0.790054296132503,0.850577352341474,0.753472790024484
0.936859638337484,0.696041473722881,0.822770737111329
0.275218182530652,0.44193383537859,0.643780710150503
0.981079443766183,0.0772847255148324,0.356341093583383
0.925931055136831,0.925923958483294,0.812058293916095
0.962971421189592,0.858509801942967,0.794776866387869
0.996987400616192,0.54363738652132,0.536385725391709
0.917408161877911,0.0510140940916603,0.615069014675217
0.969075604529632,0.843594530650605,0.550273827366695
0.928926529357124,0.964884468851858,0.343964813746367
0.915322187445694,0.863573592755637,0.851984485950173
0.583260947681975,0.443961315981712,0.616772486378321
0.908331698633723,0.73044974208954,0.545403573111269
0.974410323868877,0.92059594145545,0.80912819358428
0.43403980526955,0.240501484297035,0.558688720330578
0.829545317482444,0.604606305721128,0.885603692344796
0.967201982793578,0.743846731624759,0.17021197748037
0.962596896343638,0.425957373291957,0.52413692417123
0.834925983947213,0.795573439331428,0.554104342426538
0.838085434009886,0.718126770696389,0.854666737473047
0.970948604854827,0.529945113127964,0.370987458806326
0.921584727756091,0.955295874353279,0.796668503422585
0.993105568699808,0.722459294991164,0.322748766301308
0.984303983738352,0.867875864159054,0.902054243511459
0.951982869185218,0.312813898409119,0.19429595507252
0.981896595486213,0.338007458607528,0.913649392161045
0.981634257900669,0.603478376914776,0.513805292706797
0.993245108586483,0.943703961697958,0.841720404237359
0.921885791920222,0.90335170498123,0.900643997296906
0.996712433775859,0.814644616253382,0.462537445579117
0.92310849595343,0.674838559445862,0.589168118380097
0.976327984359578,0.248674772243402,0.850345758445091
0.987703701405117,0.94100933130934,0.821995709165225
0.975632168989902,0.768594048843705,0.44442570758601
0.953258623428928,0.481270834405923,0.785884406063622
0.948127834886568,0.646182115941229,0.495821013746254
0.942139812943334,0.0799227308845119,0.289937447645772
0.965086573593995,0.968100929869566,0.939822375192564
0.959736180493188,0.156721489059742,0.258245283106217
0.567748116262845,0.242641788207881,0.789097268041838
0.950453287037574,0.547264893217988,0.724469653884824
0.8955521780931,0.998859771645755,0.971746970843322
0.875475765176861,0.588122641345573,0.941293341735886
0.858415140720718,0.0839873377962799,0.705061201631344
0.990347912788882,0.903373360303751,0.661806538153101
0.94775161614352,0.893668535590301,0.884791476574565
0.997626703246144,0.81657307354659,0.844308295782354
0.920713128562398,0.832086315385448,0.897293177049059
0.975042932109437,0.854548454616682,0.773550793883956
0.828716436232728,0.88414335656716,0.88571452067545
0.857448308471814,0.0858560185031106,0.491195626379263
0.992210123430869,0.430927592310687,0.781306292433587
0.304179463771233,0.308468847445797,0.721653223716569
0.853951098637752,0.943294785317237,0.834360548746842
0.990854757815723,0.451795517957912,0.332955122653093
0.973525829080651,0.931735355777289,0.37605508751384
0.874546654889041,0.147823612782185,0.659717374639588
0.836317912370642,0.238921651143013,0.754287386644851
0.852223987235255,0.536597444911609,0.530285668172663
0.535928575205417,0.85662586101533,0.666389331599721
0.904997782007035,0.706674517866119,0.389315611780422
0.982008907365257,0.897368805776791,0.74494420781704
0.975616876110378,0.941843694548233,0.946863400494337
0.922077380104682,0.202225800222647,0.500525511898591
0.781540654007628,0.144916236191396,0.519928213988394
0.915120343335963,0.963276334407875,0.558595473367598
0.596569437295001,0.367294168146751,0.602486757374846
0.998345679220499,0.985651491283961,0.775282591845998
0.82416346341911,0.815578697447664,0.395573709847766
0.864416495725807,0.269681718169902,0.892366446586996
0.989800819490994,0.310584527897876,0.568428485041075
0.826819441111341,0.175721526612925,0.56795801065544
0.494635843140417,0.35220493601918,0.686526187297423
0.668270715498933,0.766383588296338,0.867933829651414
0.899038164533492,0.706282081920674,0.504792885522264
0.922176851335349,0.0191183647695335,0.412348845518551
0.718341935010808,0.978108216255734,0.857400629141079
0.985527555371203,0.177686185369687,0.221773906973158
0.939262110293649,0.87279695985471,0.532801563122682
0.975685864816825,0.780487648385541,0.775061778741256
0.982414832295112,0.942437293004614,0.203174877210008
0.969577704509701,0.705879878008988,0.575242484194711
0.92612074692664,0.534238248434722,0.414190175922581
0.983216363248385,0.965115957628568,0.851749366909302
0.740085365567157,0.130887899416524,0.85213788583313
0.858795699985415,0.523571496293256,0.713998751302944
0.80461408537056,0.0420861270218104,0.699300213893756
0.864659512850172,0.66192127566117,0.424099696975996
0.948389504269019,0.130857134750345,0.351268095786691
0.943528822745852,0.336031727202136,0.867450556550964
0.941821525111111,0.964563668999083,0.891111337222013
0.864123920780375,0.120221793259358,0.625343280817266
0.79345924935549,0.270100687847853,0.616798409737545
0.971177968973461,0.324590450913318,0.896942382078129
0.371268626846655,0.830281565147931,0.733291631200746
0.983650010668113,0.668567671742822,0.614924188915478
0.90525175954889,0.812148594788169,0.88929292032957
0.863330525695398,0.466310103773495,0.365565678127693
0.950172780893623,0.9681097293648,0.731849512865405
0.942306678347627,0.686798412359423,0.801700423159685
0.986054024510879,0.813715829127534,0.618577443205748
0.898768425653418,0.853995011207793,0.940118834298229
0.987690705377862,0.432611881362518,0.329571239454469
0.920011081847661,0.458851910206751,0.838415932367987
0.992000338955378,0.933234180898685,0.808903857804968
0.917899271079644,0.621885825893931,0.360724345395723
0.988780218945936,0.994901357406371,0.775319737209911
0.975035773269662,0.711683008510068,0.296166762075675
0.992801060398677,0.90753191172956,0.859437945236185
0.935706811078993,0.963787029433701,0.5316802704292
0.982749748764934,0.926435826317319,0.96277308998555
0.978149177602088,0.113531041908653,0.25879028014233
0.999999981585918,0.999999978502132,0.715452731758152
0.995105143861486,0.984775686987767,0.75221858861526
0.962774875916854,0.94901067583543,0.24211471703734
0.908007061882041,0.429255664181679,0.697482375060306
0.93365844666347,0.46116930976512,0.552252029416966
0.979456545819164,0.941113323849143,0.903974734429059
0.783541934734972,0.879490095306773,0.5805399318056
0.971593366018688,0.632877496337301,0.565389198370862
0.964793456384849,0.913707129047047,0.835673596382247
0.977589486291008,0.760917111295522,0.876284197882994
0.937688881099206,0.968203097681645,0.801935458739848
0.91802338736171,0.877822598578247,0.851163941834508
0.973500086335681,0.831059979159731,0.837853057106416
0.975518398558432,0.0258522893800946,0.171381593297891
0.941593197350565,0.895087811122598,0.804154122161126
0.859933962652771,0.698611253150067,0.53843558163558
0.97996838672759,0.677761959676386,0.89785118018593
0.936767837224336,0.877874139459256,0.627519297874444
0.803166246355418,0.891155188715841,0.696874242468146
0.976053584691238,0.731654830467963,0.774936319626696
0.799537361395857,0.862222159251285,0.912567101957852
0.845272965772605,0.415236140745297,0.921136537330191
0.889033895142838,0.244180554156273,0.578365049492156
0.896838366382036,0.827522790183127,0.848059838020572
0.945622857996436,0.961757598090586,0.948036172295294
0.854729807678418,0.912448959503852,0.383251890966235
0.987025033089773,0.432935142094662,0.920074429389075
0.931742734272722,0.562654113256537,0.853010441068668
0.998322705444334,0.315286556236839,0.60686987683059
0.988156066453853,0.174139129035986,0.376365067889626
0.954386092732239,0.744309215938893,0.185510322165511
0.991250223304861,0.334067342119539,0.58065889010854
0.971446573032299,0.0517635619232597,0.584441986429201
0.927164821321318,0.369043790688819,0.310578273870559
0.99310176988539,0.926786755030217,0.744405075714495
0.886937451763296,0.594425661505423,0.793585594978724
0.971303264875353,0.817019326430475,0.155469154204041
0.962975779235844,0.977174638160528,0.864058026148775
0.782977055137329,0.281509802214188,0.305796505454259
0.969769338941966,0.935690316357358,0.432264433791956
0.912004493925157,0.785375401663406,0.603987598588411
0.975182330315023,0.995444028385727,0.878135982551733
0.921515271918044,0.0208958306099187,0.240616322912451
0.993403317720501,0.0519991850136332,0.261316024456703
0.961666343145035,0.692670963095302,0.869749912948816
0.498264014052656,0.581412837689774,0.712339597655858
0.964598187560316,0.905655684609414,0.89626546114919
0.992847817310161,0.937203276478175,0.626246260800462
0.928929518379672,0.888835324547394,0.347538535227148
0.921486299769484,0.869864632802227,0.879637091879487
0.940526995567884,0.351252001349339,0.707291692883976
0.926664449371343,0.637831537825718,0.842971665895189
0.791887480969433,0.057062927148323,0.723127084456294
0.793565805545547,0.61213623805433,0.631708555513427
0.882819064950541,0.386898808758382,0.757932345872401
0.523055812552042,0.386408739693248,0.655847336958323
0.85237747779033,0.964106355638983,0.752112808877105
0.992993729191916,0.593369059765119,0.570482919753614
0.654728782541447,0.990283948238633,0.770847305848529
0.967199354974491,0.610196764307053,0.750270358117896
0.861319933075646,0.710058582209543,0.498862619669959
0.945309759785385,0.673591169598312,0.44673427882578
0.835292239610035,0.933047710046862,0.916411668996821
0.969521094542901,0.325411986781496,0.729570285257634
0.943616725716669,0.464427733948322,0.793315929793538
0.95648279593135,0.759763033645236,0.646068839289594
0.958798985534676,0.954397547447679,0.72698526056108
0.985513841156961,0.660198785941435,0.868778475858893
0.774792526111976,0.503771885862272,0.899613290640027
0.978360074305385,0.564870742389749,0.702365974616147
0.929830766812175,0.87000297655506,0.160695419542203
0.880665874399213,0.596241474304906,0.407884152808334
0.96664029756596,0.945116689026722,0.887259167610707
0.98196474476072,0.88968838039379,0.79113686059765
0.813617779054395,0.890174305205664,0.661879552535111
0.993556776332421,0.973205112753175,0.732662456273339
